experiment,geometry,cluster_size,rho,nominal_breadth,launch_target_per_3y,service_probability,service_half_width,mean_launches_per_3y,variance_launches_per_3y,effective_breadth,n_runs
E8_launch_service,Diversified,1,0.0,1,1,0.15064,0.0014021746870923608,0.15064,0.12794810219240876,1.0,250000
E8_launch_service,Diversified,1,0.0,1,2,0.0,0.0,0.15064,0.12794810219240876,1.0,250000
E8_launch_service,Diversified,1,0.0,1,3,0.0,0.0,0.15064,0.12794810219240876,1.0,250000
E8_launch_service,Diversified,1,0.0,2,1,0.278748,0.0017576623995166232,0.301328,0.2556904591778367,2.0018716505723035,250000
E8_launch_service,Diversified,1,0.0,2,2,0.02258,0.0005823561235318471,0.301328,0.2556904591778367,2.0018716505723035,250000
E8_launch_service,Diversified,1,0.0,2,3,0.0,0.0,0.301328,0.2556904591778367,2.0018716505723035,250000
E8_launch_service,Diversified,1,0.0,3,1,0.387356,0.0019096127382279187,0.451596,0.38247458268233075,3.0089668469949356,250000
E8_launch_service,Diversified,1,0.0,3,2,0.061072,0.0009386923608312696,0.451596,0.38247458268233075,3.0089668469949356,250000
E8_launch_service,Diversified,1,0.0,3,3,0.003168,0.00022028739085005843,0.451596,0.38247458268233075,3.0089668469949356,250000
E8_launch_service,Diversified,1,0.0,4,1,0.48006,0.001958440773687313,0.60222,0.5094811095244381,4.016280034816645,250000
E8_launch_service,Diversified,1,0.0,4,2,0.109816,0.0012256282691041202,0.60222,0.5094811095244381,4.016280034816645,250000
E8_launch_service,Diversified,1,0.0,4,3,0.011884,0.0004247871340887358,0.60222,0.5094811095244381,4.016280034816645,250000
E8_launch_service,Diversified,1,0.0,5,1,0.558076,0.001946733641631868,0.7526,0.6386837947351788,5.004988963320734,250000
E8_launch_service,Diversified,1,0.0,5,2,0.165224,0.0014558197616077045,0.7526,0.6386837947351788,5.004988963320734,250000
E8_launch_service,Diversified,1,0.0,5,3,0.026928,0.0006345423378339561,0.7526,0.6386837947351788,5.004988963320734,250000
E8_launch_service,Diversified,1,0.0,6,1,0.625028,0.0018977334963457702,0.904448,0.7673928848675394,6.005620723978904,250000
E8_launch_service,Diversified,1,0.0,6,2,0.225132,0.00163726336699257,0.904448,0.7673928848675394,6.005620723978904,250000
E8_launch_service,Diversified,1,0.0,6,3,0.0479,0.0008371342414308471,0.904448,0.7673928848675394,6.005620723978904,250000
E8_launch_service,Diversified,1,0.0,7,1,0.681516,0.0018262822776380985,1.05524,0.8947441213764856,7.011124439258449,250000
E8_launch_service,Diversified,1,0.0,7,2,0.285724,0.001770893552122745,1.05524,0.8947441213764856,7.011124439258449,250000
E8_launch_service,Diversified,1,0.0,7,3,0.074584,0.001029858136692759,1.05524,0.8947441213764856,7.011124439258449,250000
E8_launch_service,Diversified,1,0.0,8,1,0.730068,0.0017401829524374057,1.206392,1.023214435193741,8.009829452232703,250000
E8_launch_service,Diversified,1,0.0,8,2,0.345012,0.0018634589882246505,1.206392,1.023214435193741,8.009829452232703,250000
E8_launch_service,Diversified,1,0.0,8,3,0.106292,0.001208187057774445,1.206392,1.023214435193741,8.009829452232703,250000
E8_launch_service,Diversified,1,0.0,9,1,0.771388,0.0016461598986205071,1.358252,1.1503201057764232,9.023085145673695,250000
E8_launch_service,Diversified,1,0.0,9,2,0.403384,0.0019230600645498627,1.358252,1.1503201057764232,9.023085145673695,250000
E8_launch_service,Diversified,1,0.0,9,3,0.142424,0.0013699791754138723,1.358252,1.1503201057764232,9.023085145673695,250000
E8_launch_service,Diversified,1,0.0,10,1,0.806392,0.001548890876566813,1.510448,1.279111955743823,10.024951947514852,250000
E8_launch_service,Diversified,1,0.0,10,2,0.459372,0.001953518797401679,1.510448,1.279111955743823,10.024951947514852,250000
E8_launch_service,Diversified,1,0.0,10,3,0.181728,0.0015116311604566315,1.510448,1.279111955743823,10.024951947514852,250000
E8_launch_service,Diversified,1,0.0,11,1,0.83594,0.0014516936396943261,1.659896,1.4036948839635357,11.04484421749309,250000
E8_launch_service,Diversified,1,0.0,11,2,0.511044,0.001959521819520122,1.659896,1.4036948839635357,11.04484421749309,250000
E8_launch_service,Diversified,1,0.0,11,3,0.223152,0.0016321290124208607,1.659896,1.4036948839635357,11.04484421749309,250000
E8_launch_service,Diversified,1,0.0,12,1,0.8603,0.0013589680035320923,1.811308,1.5350134691898767,12.022599233208567,250000
E8_launch_service,Diversified,1,0.0,12,2,0.560084,0.0019457969982150456,1.811308,1.5350134691898767,12.022599233208567,250000
E8_launch_service,Diversified,1,0.0,12,3,0.267128,0.0017344422255192308,1.811308,1.5350134691898767,12.022599233208567,250000
E8_launch_service,Diversified,1,0.0,13,1,0.881488,0.001266996551749703,1.962196,1.6621735062780252,13.030127841779247,250000
E8_launch_service,Diversified,1,0.0,13,2,0.60532,0.0019160248548493936,1.962196,1.6621735062780252,13.030127841779247,250000
E8_launch_service,Diversified,1,0.0,13,3,0.311644,0.0018156076465154934,1.962196,1.6621735062780252,13.030127841779247,250000
E8_launch_service,Diversified,1,0.0,14,1,0.899312,0.0011795873825057464,2.113432,1.7902123422253688,14.03266915729238,250000
E8_launch_service,Diversified,1,0.0,14,2,0.647084,0.001873277306049556,2.113432,1.7902123422253688,14.03266915729238,250000
E8_launch_service,Diversified,1,0.0,14,3,0.356172,0.0018771582418621031,2.113432,1.7902123422253688,14.03266915729238,250000
E8_launch_service,Diversified,1,0.0,15,1,0.914668,0.0010951504149832232,2.264636,1.9181874602538416,15.035535314699928,250000
E8_launch_service,Diversified,1,0.0,15,2,0.685384,0.0018203020178036724,2.264636,1.9181874602538416,15.035535314699928,250000
E8_launch_service,Diversified,1,0.0,15,3,0.40018,0.0019205438533208866,2.264636,1.9181874602538416,15.035535314699928,250000
E8_launch_service,Diversified,1,0.0,16,1,0.92734,0.0010175441465313235,2.415168,2.0498357311189244,16.005999184630596,250000
E8_launch_service,Diversified,1,0.0,16,2,0.719652,0.0017607433890932246,2.415168,2.0498357311189244,16.005999184630596,250000
E8_launch_service,Diversified,1,0.0,16,3,0.442832,0.00194714658806314,2.415168,2.0498357311189244,16.005999184630596,250000
E8_launch_service,Diversified,1,0.0,17,1,0.938272,0.00094339060768669,2.567588,2.1782325751862994,17.012178132003637,250000
E8_launch_service,Diversified,1,0.0,17,2,0.75138,0.0016942750426739573,2.567588,2.1782325751862994,17.012178132003637,250000
E8_launch_service,Diversified,1,0.0,17,3,0.485316,0.0019591545878375094,2.567588,2.1782325751862994,17.012178132003637,250000
E8_launch_service,Diversified,1,0.0,18,1,0.947596,0.0008735341649273127,2.71872,2.3076587922351703,18.003321404608187,250000
E8_launch_service,Diversified,1,0.0,18,2,0.779484,0.001625210885869216,2.71872,2.3076587922351703,18.003321404608187,250000
E8_launch_service,Diversified,1,0.0,18,3,0.525204,0.0019575082690072854,2.71872,2.3076587922351703,18.003321404608187,250000
E8_launch_service,Diversified,1,0.0,19,1,0.95564,0.0008071030631601887,2.869032,2.4330571152044627,19.021446189576526,250000
E8_launch_service,Diversified,1,0.0,19,2,0.804972,0.0015531912586879768,2.869032,2.4330571152044627,19.021446189576526,250000
E8_launch_service,Diversified,1,0.0,19,3,0.56352,0.0019441192856400143,2.869032,2.4330571152044627,19.021446189576526,250000
E8_launch_service,Diversified,1,0.0,20,1,0.962468,0.0007450408241867063,3.019388,2.5630303575774285,20.004078354897715,250000
E8_launch_service,Diversified,1,0.0,20,2,0.827636,0.001480570307979687,3.019388,2.5630303575774285,20.004078354897715,250000
E8_launch_service,Diversified,1,0.0,20,3,0.599624,0.0019207002319049772,3.019388,2.5630303575774285,20.004078354897715,250000
E8_launch_service,Diversified,1,0.0,21,1,0.968144,0.000688417128567215,3.171248,2.6947729015876076,20.981134713845186,250000
E8_launch_service,Diversified,1,0.0,21,2,0.847888,0.0014077873217417033,3.171248,2.6947729015876076,20.981134713845186,250000
E8_launch_service,Diversified,1,0.0,21,3,0.634292,0.0018879822823323503,3.171248,2.6947729015876076,20.981134713845186,250000
E8_launch_service,Diversified,1,0.0,22,1,0.972868,0.000636874602851022,3.322192,2.8225876054864245,21.983825934927868,250000
E8_launch_service,Diversified,1,0.0,22,2,0.866156,0.0013346997518897234,3.322192,2.8225876054864245,21.983825934927868,250000
E8_launch_service,Diversified,1,0.0,22,3,0.666832,0.0018476764533152245,3.322192,2.8225876054864245,21.983825934927868,250000
E8_launch_service,Diversified,1,0.0,23,1,0.976948,0.0005882691809201412,3.473236,2.9490634845579398,22.997498212883386,250000
E8_launch_service,Diversified,1,0.0,23,2,0.882424,0.0012626531407079593,3.473236,2.9490634845579398,22.997498212883386,250000
E8_launch_service,Diversified,1,0.0,23,3,0.69698,0.0018014900675511478,3.473236,2.9490634845579398,22.997498212883386,250000
E8_launch_service,Diversified,1,0.0,24,1,0.980568,0.0005411076527259307,3.6248,3.076445265781064,24.00694547728158,250000
E8_launch_service,Diversified,1,0.0,24,2,0.896684,0.001193134954310853,3.6248,3.076445265781064,24.00694547728158,250000
E8_launch_service,Diversified,1,0.0,24,3,0.725104,0.001750130476929368,3.6248,3.076445265781064,24.00694547728158,250000
E8_launch_service,Diversified,1,0.0,25,1,0.9835,0.0004993616901605482,3.776588,3.2031118907035645,25.023200880579825,250000
E8_launch_service,Diversified,1,0.0,25,2,0.909952,0.001122102021252887,3.776588,3.2031118907035645,25.023200880579825,250000
E8_launch_service,Diversified,1,0.0,25,3,0.750768,0.0016956680804121088,3.776588,3.2031118907035645,25.023200880579825,250000
E8_launch_service,Diversified,1,0.0,26,1,0.985964,0.0004611458194041732,3.927524,3.3333005626262504,26.007322441009148,250000
E8_launch_service,Diversified,1,0.0,26,2,0.92094,0.0010577429521433648,3.927524,3.3333005626262504,26.007322441009148,250000
E8_launch_service,Diversified,1,0.0,26,3,0.774884,0.0016372220892565924,3.927524,3.3333005626262504,26.007322441009148,250000
E8_launch_service,Diversified,1,0.0,27,1,0.988072,0.0004255633103073891,4.0782,3.4626746106984445,26.996397364870344,250000
E8_launch_service,Diversified,1,0.0,27,2,0.930628,0.0009960158103291847,4.0782,3.4626746106984445,26.996397364870344,250000
E8_launch_service,Diversified,1,0.0,27,3,0.79676,0.001577445711040275,4.0782,3.4626746106984445,26.996397364870344,250000
E8_launch_service,Diversified,1,0.0,28,1,0.989812,0.00039364695150090773,4.229724,3.594093260197043,27.97416895078127,250000
E8_launch_service,Diversified,1,0.0,28,2,0.939152,0.0009370810702902362,4.229724,3.594093260197043,27.97416895078127,250000
E8_launch_service,Diversified,1,0.0,28,3,0.816916,0.0015160026632473579,4.229724,3.594093260197043,27.97416895078127,250000
E8_launch_service,Diversified,1,0.0,29,1,0.991356,0.0003628760168640653,4.380136,3.7219275092140345,28.973810718788844,250000
E8_launch_service,Diversified,1,0.0,29,2,0.946852,0.0008793678439260638,4.380136,3.7219275092140345,28.973810718788844,250000
E8_launch_service,Diversified,1,0.0,29,3,0.835244,0.001454163933700052,4.380136,3.7219275092140345,28.973810718788844,250000
E8_launch_service,Diversified,1,0.0,30,1,0.992684,0.00033406303809185693,4.530884,3.849101574950296,29.980423693057354,250000
E8_launch_service,Diversified,1,0.0,30,2,0.95352,0.0008252471441679998,4.530884,3.849101574950296,29.980423693057354,250000
E8_launch_service,Diversified,1,0.0,30,3,0.852296,0.0013908407946849623,4.530884,3.849101574950296,29.980423693057354,250000
E8_launch_service,Diversified,1,0.0,31,1,0.993728,0.00030947306442187056,4.681684,3.982614854603418,30.938000901622534,250000
E8_launch_service,Diversified,1,0.0,31,2,0.959068,0.0007766802291755378,4.681684,3.982614854603418,30.938000901622534,250000
E8_launch_service,Diversified,1,0.0,31,3,0.867536,0.0013288585421861673,4.681684,3.982614854603418,30.938000901622534,250000
E8_launch_service,Diversified,1,0.0,32,1,0.994704,0.00028451619200582786,4.83294,4.114199413197656,31.913108449078575,250000
E8_launch_service,Diversified,1,0.0,32,2,0.964152,0.0007287713411326588,4.83294,4.114199413197656,31.913108449078575,250000
E8_launch_service,Diversified,1,0.0,32,3,0.881612,0.0012664226094655287,4.83294,4.114199413197656,31.913108449078575,250000
E8_launch_service,Diversified,1,0.0,33,1,0.995508,0.0002621369958577979,4.985716,4.247472957235826,32.88338965761342,250000
E8_launch_service,Diversified,1,0.0,33,2,0.968844,0.0006810575968466169,4.985716,4.247472957235826,32.88338965761342,250000
E8_launch_service,Diversified,1,0.0,33,3,0.894232,0.0012055585754066395,4.985716,4.247472957235826,32.88338965761342,250000
E8_launch_service,Diversified,1,0.0,34,1,0.9962,0.00024118546636147127,5.13792,4.376499579598316,33.8834900116978,250000
E8_launch_service,Diversified,1,0.0,34,2,0.972792,0.0006377410488460582,5.13792,4.376499579598316,33.8834900116978,250000
E8_launch_service,Diversified,1,0.0,34,3,0.905388,0.0011472988165637924,5.13792,4.376499579598316,33.8834900116978,250000
E8_launch_service,Diversified,1,0.0,35,1,0.996772,0.0002223569687638832,5.289848,4.5060301610166436,34.8781966519118,250000
E8_launch_service,Diversified,1,0.0,35,2,0.976376,0.000595348593302305,5.289848,4.5060301610166436,34.8781966519118,250000
E8_launch_service,Diversified,1,0.0,35,3,0.915428,0.0010907154464778529,5.289848,4.5060301610166436,34.8781966519118,250000
E8_launch_service,Diversified,1,0.0,36,1,0.997216,0.00020654529265912047,5.441288,4.633603435469741,35.885415960044455,250000
E8_launch_service,Diversified,1,0.0,36,2,0.97936,0.0005573295812017875,5.441288,4.633603435469741,35.885415960044455,250000
E8_launch_service,Diversified,1,0.0,36,3,0.924492,0.00103570036497307,5.441288,4.633603435469741,35.885415960044455,250000
E8_launch_service,Diversified,1,0.0,37,1,0.9976,0.00019180940940422957,5.593784,4.765535623486492,36.864602587899526,250000
E8_launch_service,Diversified,1,0.0,37,2,0.982092,0.0005198591550175788,5.593784,4.765535623486492,36.864602587899526,250000
E8_launch_service,Diversified,1,0.0,37,3,0.9328,0.0009814427523926195,5.593784,4.765535623486492,36.864602587899526,250000
E8_launch_service,Diversified,1,0.0,38,1,0.997964,0.0001766983082079344,5.74316,4.886564760659051,37.91131167635342,250000
E8_launch_service,Diversified,1,0.0,38,2,0.984616,0.0004824520399004661,5.74316,4.886564760659051,37.91131167635342,250000
E8_launch_service,Diversified,1,0.0,38,3,0.940264,0.0009290285070843552,5.74316,4.886564760659051,37.91131167635342,250000
E8_launch_service,Diversified,1,0.0,39,1,0.998276,0.00016262226770867756,5.893012,5.018185640598562,38.878537434036,250000
E8_launch_service,Diversified,1,0.0,39,2,0.986624,0.000450323939440748,5.893012,5.018185640598562,38.878537434036,250000
E8_launch_service,Diversified,1,0.0,39,3,0.94688,0.0008791491730735115,5.893012,5.018185640598562,38.878537434036,250000
E8_launch_service,Diversified,1,0.0,40,1,0.998504,0.00015150493111096552,6.043216,5.145168958019837,39.883628232717896,250000
E8_launch_service,Diversified,1,0.0,40,2,0.988564,0.00041679791314259913,6.043216,5.145168958019837,39.883628232717896,250000
E8_launch_service,Diversified,1,0.0,40,3,0.953064,0.0008290870606405731,6.043216,5.145168958019837,39.883628232717896,250000
E8_launch_service,Diversified,1,0.0,41,1,0.998748,0.000138616903393976,6.193952,5.271931709422833,40.893327139217156,250000
E8_launch_service,Diversified,1,0.0,41,2,0.990152,0.00038708917064507746,6.193952,5.271931709422833,40.893327139217156,250000
E8_launch_service,Diversified,1,0.0,41,3,0.958468,0.0007821072263484122,6.193952,5.271931709422833,40.893327139217156,250000
E8_launch_service,Diversified,1,0.0,42,1,0.998996,0.00012414659086313113,6.345124,5.401523030716119,41.883458192803566,250000
E8_launch_service,Diversified,1,0.0,42,2,0.991584,0.0003580994761150612,6.345124,5.401523030716119,41.883458192803566,250000
E8_launch_service,Diversified,1,0.0,42,3,0.963092,0.000739060872993552,6.345124,5.401523030716119,41.883458192803566,250000
E8_launch_service,Diversified,1,0.0,43,1,0.999148,0.00011437227928468439,6.494068,5.528274924475689,42.88348361524674,250000
E8_launch_service,Diversified,1,0.0,43,2,0.992792,0.00033160616072574746,6.494068,5.528274924475689,42.88348361524674,250000
E8_launch_service,Diversified,1,0.0,43,3,0.967304,0.0006971317638354868,6.494068,5.528274924475689,42.88348361524674,250000
E8_launch_service,Diversified,1,0.0,44,1,0.999268,0.00010601873001543504,6.644244,5.656112292913177,43.881806307842766,250000
E8_launch_service,Diversified,1,0.0,44,2,0.99376,0.00030868755281572395,6.644244,5.656112292913177,43.881806307842766,250000
E8_launch_service,Diversified,1,0.0,44,3,0.970928,0.0006585928853655968,6.644244,5.656112292913177,43.881806307842766,250000
E8_launch_service,Diversified,1,0.0,45,1,0.999384,9.726187088124941e-05,6.795352,5.783470329977315,44.888915798765595,250000
E8_launch_service,Diversified,1,0.0,45,2,0.99458,0.00028780979567596325,6.795352,5.783470329977315,44.888915798765595,250000
E8_launch_service,Diversified,1,0.0,45,3,0.974424,0.0006188371319477156,6.795352,5.783470329977315,44.888915798765595,250000
E8_launch_service,Diversified,1,0.0,46,1,0.999464,9.073023583538901e-05,6.946144,5.913115183724727,45.8765633614463,250000
E8_launch_service,Diversified,1,0.0,46,2,0.995316,0.00026765477951413817,6.946144,5.913115183724727,45.8765633614463,250000
E8_launch_service,Diversified,1,0.0,46,3,0.977424,0.0005823057311719284,6.946144,5.913115183724727,45.8765633614463,250000
E8_launch_service,Diversified,1,0.0,47,1,0.99956,8.220852185120431e-05,7.09686,6.041798307593223,46.87126137642542,250000
E8_launch_service,Diversified,1,0.0,47,2,0.995868,0.00025145895835592487,7.09686,6.041798307593223,46.87126137642542,250000
E8_launch_service,Diversified,1,0.0,47,3,0.98006,0.0005479929561964819,7.09686,6.041798307593223,46.87126137642542,250000
E8_launch_service,Diversified,1,0.0,48,1,0.999664,7.184271427852407e-05,7.248324,6.166835858367431,47.89831864187303,250000
E8_launch_service,Diversified,1,0.0,48,2,0.99648,0.00023216229701964852,7.248324,6.166835858367431,47.89831864187303,250000
E8_launch_service,Diversified,1,0.0,48,3,0.982472,0.0005144134796841372,7.248324,6.166835858367431,47.89831864187303,250000
E8_launch_service,Diversified,1,0.0,49,1,0.999724,6.511494336259864e-05,7.399644,6.292841844631376,48.91709733369727,250000
E8_launch_service,Diversified,1,0.0,49,2,0.996944,0.00021637053750584622,7.399644,6.292841844631376,48.91709733369727,250000
E8_launch_service,Diversified,1,0.0,49,3,0.984632,0.0004822050074031242,7.399644,6.292841844631376,48.91709733369727,250000
E8_launch_service,Diversified,1,0.0,50,1,0.99976,6.0721091025773545e-05,7.549508,6.42452665604262,49.883833280610226,250000
E8_launch_service,Diversified,1,0.0,50,2,0.997324,0.00020251036511347703,7.549508,6.42452665604262,49.883833280610226,250000
E8_launch_service,Diversified,1,0.0,50,3,0.986392,0.00045415906590522847,7.549508,6.42452665604262,49.883833280610226,250000
E8_launch_service,MSOG trios,3,0.25,1,1,0.15092,0.001403245864230157,0.15092,0.12814366617466472,1.0,250000
E8_launch_service,MSOG trios,3,0.25,1,2,0.0,0.0,0.15092,0.12814366617466472,1.0,250000
E8_launch_service,MSOG trios,3,0.25,1,3,0.0,0.0,0.15092,0.12814366617466472,1.0,250000
E8_launch_service,MSOG trios,3,0.25,2,1,0.263844,0.0017276056126554144,0.301708,0.2864094283737135,1.7890134336104364,250000
E8_launch_service,MSOG trios,3,0.25,2,2,0.037864,0.0007481997266061152,0.301708,0.2864094283737135,1.7890134336104364,250000
E8_launch_service,MSOG trios,3,0.25,2,3,0.0,0.0,0.301708,0.2864094283737135,1.7890134336104364,250000
E8_launch_service,MSOG trios,3,0.25,3,1,0.351936,0.0018720905988700509,0.452404,0.4748325201140805,2.427270892549052,250000
E8_launch_service,MSOG trios,3,0.25,3,2,0.087388,0.001107018948294869,0.452404,0.4748325201140805,2.427270892549052,250000
E8_launch_service,MSOG trios,3,0.25,3,3,0.01308,0.00044538020829740514,0.452404,0.4748325201140805,2.427270892549052,250000
E8_launch_service,MSOG trios,3,0.25,4,1,0.450084,0.0019502084425349721,0.603356,0.602751948271793,3.400061287556633,250000
E8_launch_service,MSOG trios,3,0.25,4,2,0.126908,0.0013048499444664088,0.603356,0.602751948271793,3.400061287556633,250000
E8_launch_service,MSOG trios,3,0.25,4,3,0.024284,0.0006034035938265876,0.603356,0.602751948271793,3.400061287556633,250000
E8_launch_service,MSOG trios,3,0.25,5,1,0.523608,0.0019578140173468752,0.754524,0.7615085794583178,4.206552346582126,250000
E8_launch_service,MSOG trios,3,0.25,5,2,0.181236,0.0015100372849264966,0.754524,0.7615085794583178,4.206552346582126,250000
E8_launch_service,MSOG trios,3,0.25,5,3,0.042676,0.0007923323602292119,0.754524,0.7615085794583178,4.206552346582126,250000
E8_launch_service,MSOG trios,3,0.25,6,1,0.580996,0.0019341124597037622,0.906288,0.950805864279457,4.855233055520383,250000
E8_launch_service,MSOG trios,3,0.25,6,2,0.237268,0.001667599036159138,0.906288,0.950805864279457,4.855233055520383,250000
E8_launch_service,MSOG trios,3,0.25,6,3,0.071016,0.0010068581447281446,0.906288,0.950805864279457,4.855233055520383,250000
E8_launch_service,MSOG trios,3,0.25,7,1,0.644664,0.0018761708363608323,1.05714,1.0780073324293298,5.827840425208516,250000
E8_launch_service,MSOG trios,3,0.25,7,2,0.288732,0.0017764384378720491,1.05714,1.0780073324293298,5.827840425208516,250000
E8_launch_service,MSOG trios,3,0.25,7,3,0.095944,0.0011544965615123198,1.05714,1.0780073324293298,5.827840425208516,250000
E8_launch_service,MSOG trios,3,0.25,8,1,0.692028,0.0018096872102161584,1.208232,1.2386523887855552,6.624988640648168,250000
E8_launch_service,MSOG trios,3,0.25,8,2,0.343068,0.0018609571834726792,1.208232,1.2386523887855552,6.624988640648168,250000
E8_launch_service,MSOG trios,3,0.25,8,3,0.127928,0.0013093177137064105,1.208232,1.2386523887855552,6.624988640648168,250000
E8_launch_service,MSOG trios,3,0.25,9,1,0.729596,0.0017411406099834834,1.360444,1.4276098333033334,7.280148415014138,250000
E8_launch_service,MSOG trios,3,0.25,9,2,0.394608,0.0019159640175873635,1.360444,1.4276098333033334,7.280148415014138,250000
E8_launch_service,MSOG trios,3,0.25,9,3,0.165224,0.0014558197616077045,1.360444,1.4276098333033334,7.280148415014138,250000
E8_launch_service,MSOG trios,3,0.25,10,1,0.770384,0.001648696696614669,1.5112,1.5551367805471217,8.248987680931435,250000
E8_launch_service,MSOG trios,3,0.25,10,2,0.44512,0.0019481579133129427,1.5112,1.5551367805471217,8.248987680931435,250000
E8_launch_service,MSOG trios,3,0.25,10,3,0.199876,0.0015676353222501187,1.5112,1.5551367805471217,8.248987680931435,250000
E8_launch_service,MSOG trios,3,0.25,11,1,0.80064,0.001566115260229131,1.660684,1.7128595035820142,9.054837242782344,250000
E8_launch_service,MSOG trios,3,0.25,11,2,0.492952,0.001959805267054616,1.660684,1.7128595035820142,9.054837242782344,250000
E8_launch_service,MSOG trios,3,0.25,11,3,0.23772,0.0016686920253498668,1.660684,1.7128595035820142,9.054837242782344,250000
E8_launch_service,MSOG trios,3,0.25,12,1,0.824456,0.0014912923964028818,1.81202,1.9022991287965154,9.704488819922718,250000
E8_launch_service,MSOG trios,3,0.25,12,2,0.536128,0.001954876793328547,1.81202,1.9022991287965154,9.704488819922718,250000
E8_launch_service,MSOG trios,3,0.25,12,3,0.278392,0.0017569730994880686,1.81202,1.9022991287965154,9.704488819922718,250000
E8_launch_service,MSOG trios,3,0.25,13,1,0.85058,0.0013974877718044762,1.962852,2.032488156048624,10.659010636827157,250000
E8_launch_service,MSOG trios,3,0.25,13,2,0.579572,0.0019350205467109083,1.962852,2.032488156048624,10.659010636827157,250000
E8_launch_service,MSOG trios,3,0.25,13,3,0.317268,0.0018244179307841956,1.962852,2.032488156048624,10.659010636827157,250000
E8_launch_service,MSOG trios,3,0.25,14,1,0.870936,0.0013142613873436384,2.114588,2.188498344249378,11.484028015140833,250000
E8_launch_service,MSOG trios,3,0.25,14,2,0.61898,0.0019036989119914523,2.114588,2.188498344249378,11.484028015140833,250000
E8_launch_service,MSOG trios,3,0.25,14,3,0.357948,0.0018792352002487752,2.114588,2.188498344249378,11.484028015140833,250000
E8_launch_service,MSOG trios,3,0.25,15,1,0.886136,0.0012451723705231598,2.264796,2.377096586770347,12.133569066425553,250000
E8_launch_service,MSOG trios,3,0.25,15,2,0.653548,0.0018652899417853017,2.264796,2.377096586770347,12.133569066425553,250000
E8_launch_service,MSOG trios,3,0.25,15,3,0.39658,0.0019176145730670279,2.264796,2.377096586770347,12.133569066425553,250000
E8_launch_service,MSOG trios,3,0.25,16,1,0.903392,0.0011580591247102674,2.415808,2.507113735590941,13.089488418688639,250000
E8_launch_service,MSOG trios,3,0.25,16,2,0.688116,0.0018159899588729342,2.415808,2.507113735590941,13.089488418688639,250000
E8_launch_service,MSOG trios,3,0.25,16,3,0.435676,0.0019437130284988041,2.415808,2.507113735590941,13.089488418688639,250000
E8_launch_service,MSOG trios,3,0.25,17,1,0.916132,0.0010865838275725655,2.566952,2.6659920936643737,13.896886128501157,250000
E8_launch_service,MSOG trios,3,0.25,17,2,0.718648,0.0017626625643406553,2.566952,2.6659920936643737,13.896886128501157,250000
E8_launch_service,MSOG trios,3,0.25,17,3,0.474096,0.0019573678451052724,2.566952,2.6659920936643737,13.896886128501157,250000
E8_launch_service,MSOG trios,3,0.25,18,1,0.92592,0.001026652068170634,2.717212,2.8562783721694895,14.538717652122111,250000
E8_launch_service,MSOG trios,3,0.25,18,2,0.744796,0.0017090252268050045,2.717212,2.8562783721694895,14.538717652122111,250000
E8_launch_service,MSOG trios,3,0.25,18,3,0.509196,0.001959668471610741,2.717212,2.8562783721694895,14.538717652122111,250000
E8_launch_service,MSOG trios,3,0.25,19,1,0.936956,0.00095272496499727,2.866964,2.9849813626294517,15.495195442978101,250000
E8_launch_service,MSOG trios,3,0.25,19,2,0.771748,0.001645247043946694,2.866964,2.9849813626294517,15.495195442978101,250000
E8_launch_service,MSOG trios,3,0.25,19,3,0.544416,0.0019522513816568506,2.866964,2.9849813626294517,15.495195442978101,250000
E8_launch_service,MSOG trios,3,0.25,20,1,0.945228,0.0008919359233179607,3.017584,3.1445513811495256,16.29673282485254,250000
E8_launch_service,MSOG trios,3,0.25,20,2,0.795108,0.0015822009081524098,3.017584,3.1445513811495256,16.29673282485254,250000
E8_launch_service,MSOG trios,3,0.25,20,3,0.577772,0.0019361447713712586,3.017584,3.1445513811495256,16.29673282485254,250000
E8_launch_service,MSOG trios,3,0.25,21,1,0.951744,0.0008400822347253923,3.169156,3.3364355934063727,16.936870238804023,250000
E8_launch_service,MSOG trios,3,0.25,21,2,0.814972,0.0015222154943531293,3.169156,3.3364355934063727,16.936870238804023,250000
E8_launch_service,MSOG trios,3,0.25,21,3,0.608208,0.00191355043413255,3.169156,3.3364355934063727,16.936870238804023,250000
E8_launch_service,MSOG trios,3,0.25,22,1,0.958884,0.0007783492866527997,3.320244,3.461821627750508,17.9158310127569,250000
E8_launch_service,MSOG trios,3,0.25,22,2,0.836044,0.0014513237137645928,3.320244,3.461821627750508,17.9158310127569,250000
E8_launch_service,MSOG trios,3,0.25,22,3,0.6395,0.001882170559327714,3.320244,3.461821627750508,17.9158310127569,250000
E8_launch_service,MSOG trios,3,0.25,23,1,0.96462,0.0007241743069536777,3.472472,3.6179606810587246,18.74228075326248,250000
E8_launch_service,MSOG trios,3,0.25,23,2,0.853292,0.0013869531852613013,3.472472,3.6179606810587246,18.74228075326248,250000
E8_launch_service,MSOG trios,3,0.25,23,3,0.668428,0.0018454501077705087,3.472472,3.6179606810587246,18.74228075326248,250000
E8_launch_service,MSOG trios,3,0.25,24,1,0.969116,0.0006781733521589609,3.624092,3.799736374481497,19.43403518939712,250000
E8_launch_service,MSOG trios,3,0.25,24,2,0.867996,0.0013269008571991118,3.624092,3.799736374481497,19.43403518939712,250000
E8_launch_service,MSOG trios,3,0.25,24,3,0.69452,0.0018055928914518465,3.624092,3.799736374481497,19.43403518939712,250000
E8_launch_service,MSOG trios,3,0.25,25,1,0.97376,0.0006266051322989307,3.775092,3.9277801026564116,20.399828462487243,250000
E8_launch_service,MSOG trios,3,0.25,25,2,0.883416,0.0012580218184093158,3.775092,3.9277801026564116,20.399828462487243,250000
E8_launch_service,MSOG trios,3,0.25,25,3,0.721104,0.0017579485569042736,3.775092,3.9277801026564116,20.399828462487243,250000
E8_launch_service,MSOG trios,3,0.25,26,1,0.977152,0.000585721579287885,3.92538,4.085404197216788,21.209978373587255,250000
E8_launch_service,MSOG trios,3,0.25,26,2,0.895916,0.0011970483720526422,3.92538,4.085404197216788,21.209978373587255,250000
E8_launch_service,MSOG trios,3,0.25,26,3,0.744872,0.0017088579135916778,3.92538,4.085404197216788,21.209978373587255,250000
E8_launch_service,MSOG trios,3,0.25,27,1,0.979912,0.0005499813401149155,4.074888,4.267504857475432,21.89037618667565,250000
E8_launch_service,MSOG trios,3,0.25,27,2,0.906492,0.0011412806104031342,4.074888,4.267504857475432,21.89037618667565,250000
E8_launch_service,MSOG trios,3,0.25,27,3,0.765416,0.0016610550613631932,4.074888,4.267504857475432,21.89037618667565,250000
E8_launch_service,MSOG trios,3,0.25,28,1,0.98278,0.0005099537567213719,4.225644,4.397786376409506,22.843765829891225,250000
E8_launch_service,MSOG trios,3,0.25,28,2,0.917424,0.0010789418441175007,4.225644,4.397786376409506,22.843765829891225,250000
E8_launch_service,MSOG trios,3,0.25,28,3,0.786532,0.0016062408099517351,4.225644,4.397786376409506,22.843765829891225,250000
E8_launch_service,MSOG trios,3,0.25,29,1,0.98504,0.00047585955816160675,4.376208,4.559357778167113,23.63466322558396,250000
E8_launch_service,MSOG trios,3,0.25,29,2,0.926496,0.0010229710140130745,4.376208,4.559357778167113,23.63466322558396,250000
E8_launch_service,MSOG trios,3,0.25,29,3,0.804984,0.0015531550508980747,4.376208,4.559357778167113,23.63466322558396,250000
E8_launch_service,MSOG trios,3,0.25,30,1,0.986928,0.0004452457901426829,4.526728,4.753312627266509,24.259005356384,250000
E8_launch_service,MSOG trios,3,0.25,30,2,0.933948,0.0009736220508388531,4.526728,4.753312627266509,24.259005356384,250000
E8_launch_service,MSOG trios,3,0.25,30,3,0.821104,0.001502399623136873,4.526728,4.753312627266509,24.259005356384,250000
E8_launch_service,MSOG trios,3,0.25,31,1,0.988872,0.0004112109449595217,4.677956,4.886231206988829,25.20008487545933,250000
E8_launch_service,MSOG trios,3,0.25,31,2,0.941848,0.0009174001459613433,4.677956,4.886231206988829,25.20008487545933,250000
E8_launch_service,MSOG trios,3,0.25,31,3,0.838016,0.0014442696394661911,4.677956,4.886231206988829,25.20008487545933,250000
E8_launch_service,MSOG trios,3,0.25,32,1,0.99034,0.0003834129616538283,4.829296,5.045296325569299,26.007483830283924,250000
E8_launch_service,MSOG trios,3,0.25,32,2,0.948384,0.0008673020024665696,4.829296,5.045296325569299,26.007483830283924,250000
E8_launch_service,MSOG trios,3,0.25,32,3,0.852616,0.0013895941454387757,4.829296,5.045296325569299,26.007483830283924,250000
E8_launch_service,MSOG trios,3,0.25,33,1,0.991504,0.00035978292993044683,4.982104,5.237236682130731,26.652999658564912,250000
E8_launch_service,MSOG trios,3,0.25,33,2,0.953784,0.0008230140715470435,4.982104,5.237236682130731,26.652999658564912,250000
E8_launch_service,MSOG trios,3,0.25,33,3,0.865696,0.0013366362840196945,4.982104,5.237236682130731,26.652999658564912,250000
E8_launch_service,MSOG trios,3,0.25,34,1,0.992776,0.0003319713239801199,5.134128,5.3683191528926155,27.606603513657767,250000
E8_launch_service,MSOG trios,3,0.25,34,2,0.959528,0.0007724888621513852,5.134128,5.3683191528926155,27.606603513657767,250000
E8_launch_service,MSOG trios,3,0.25,34,3,0.878956,0.0012786193366375507,5.134128,5.3683191528926155,27.606603513657767,250000
E8_launch_service,MSOG trios,3,0.25,35,1,0.993736,0.00030927687832779595,5.285836,5.528795896287591,28.408387270263205,250000
E8_launch_service,MSOG trios,3,0.25,35,2,0.964112,0.0007291626915123118,5.285836,5.528795896287591,28.408387270263205,250000
E8_launch_service,MSOG trios,3,0.25,35,3,0.89076,0.0012228051694556086,5.285836,5.528795896287591,28.408387270263205,250000
E8_launch_service,MSOG trios,3,0.25,36,1,0.994544,0.00028875881352479935,5.437684,5.715323577438309,29.07765164410587,250000
E8_launch_service,MSOG trios,3,0.25,36,2,0.967756,0.0006924580358719294,5.437684,5.715323577438309,29.07765164410587,250000
E8_launch_service,MSOG trios,3,0.25,36,3,0.900672,0.001172479460007561,5.437684,5.715323577438309,29.07765164410587,250000
E8_launch_service,MSOG trios,3,0.25,37,1,0.995412,0.00026491052152339845,5.588548,5.847006639722557,30.022951285994722,250000
E8_launch_service,MSOG trios,3,0.25,37,2,0.971764,0.0006493338699086827,5.588548,5.847006639722557,30.022951285994722,250000
E8_launch_service,MSOG trios,3,0.25,37,3,0.910604,0.001118432780054044,5.588548,5.847006639722557,30.022951285994722,250000
E8_launch_service,MSOG trios,3,0.25,38,1,0.99604,0.00024619093050264756,5.73774,6.003783707534838,30.832613121641035,250000
E8_launch_service,MSOG trios,3,0.25,38,2,0.975036,0.0006115802884373771,5.73774,6.003783707534838,30.832613121641035,250000
E8_launch_service,MSOG trios,3,0.25,38,3,0.919164,0.0010685257138789434,5.73774,6.003783707534838,30.832613121641035,250000
E8_launch_service,MSOG trios,3,0.25,39,1,0.996456,0.00023294960957136087,5.88756,6.1987820415281645,31.449939842705703,250000
E8_launch_service,MSOG trios,3,0.25,39,2,0.977604,0.0005800331050457527,5.88756,6.1987820415281645,31.449939842705703,250000
E8_launch_service,MSOG trios,3,0.25,39,3,0.926448,0.0010232784645870614,5.88756,6.1987820415281645,31.449939842705703,250000
E8_launch_service,MSOG trios,3,0.25,40,1,0.99706,0.00021223664854346153,6.037684,6.32560121854888,32.41645479574257,250000
E8_launch_service,MSOG trios,3,0.25,40,2,0.980272,0.0005451310198147432,6.037684,6.32560121854888,32.41645479574257,250000
E8_launch_service,MSOG trios,3,0.25,40,3,0.93426,0.000971482080987272,6.037684,6.32560121854888,32.41645479574257,250000
E8_launch_service,MSOG trios,3,0.25,41,1,0.997468,0.00019700053411299696,6.188044,6.4832133869175514,33.227003321900455,250000
E8_launch_service,MSOG trios,3,0.25,41,2,0.98256,0.0005131435180541212,6.188044,6.4832133869175514,33.227003321900455,250000
E8_launch_service,MSOG trios,3,0.25,41,3,0.940912,0.0009242941745488817,6.188044,6.4832133869175514,33.227003321900455,250000
E8_launch_service,MSOG trios,3,0.25,42,1,0.997808,0.00018332843570442086,6.338748,6.677744503474017,33.85088220182065,250000
E8_launch_service,MSOG trios,3,0.25,42,2,0.98444,0.0004851605606157206,6.338748,6.677744503474017,33.85088220182065,250000
E8_launch_service,MSOG trios,3,0.25,42,3,0.94626,0.0008839753182885595,6.338748,6.677744503474017,33.85088220182065,250000
E8_launch_service,MSOG trios,3,0.25,43,1,0.998104,0.00017052699205526888,6.488272,6.8006096564546255,34.83479032100721,250000
E8_launch_service,MSOG trios,3,0.25,43,2,0.98648,0.00045270840239323995,6.488272,6.8006096564546255,34.83479032100721,250000
E8_launch_service,MSOG trios,3,0.25,43,3,0.952092,0.0008372006280358309,6.488272,6.8006096564546255,34.83479032100721,250000
E8_launch_service,MSOG trios,3,0.25,44,1,0.99836,0.00015861767408003314,6.63876,6.957717493269973,35.64848752886912,250000
E8_launch_service,MSOG trios,3,0.25,44,2,0.988064,0.0004257042737037353,6.63876,6.957717493269973,35.64848752886912,250000
E8_launch_service,MSOG trios,3,0.25,44,3,0.956876,0.0007962939510235114,6.63876,6.957717493269973,35.64848752886912,250000
E8_launch_service,MSOG trios,3,0.25,45,1,0.998616,0.0001457314788812712,6.790088,7.148845547638192,36.29235974076584,250000
E8_launch_service,MSOG trios,3,0.25,45,2,0.989244,0.00040435533381075786,6.790088,7.148845547638192,36.29235974076584,250000
E8_launch_service,MSOG trios,3,0.25,45,3,0.960792,0.0007608308271320706,6.790088,7.148845547638192,36.29235974076584,250000
E8_launch_service,MSOG trios,3,0.25,46,1,0.998772,0.0001372835274702049,6.941428,7.277250429817714,37.25611584315635,250000
E8_launch_service,MSOG trios,3,0.25,46,2,0.990616,0.0003779485954138748,6.941428,7.277250429817714,37.25611584315635,250000
E8_launch_service,MSOG trios,3,0.25,46,3,0.965172,0.0007187083525717661,6.941428,7.277250429817714,37.25611584315635,250000
E8_launch_service,MSOG trios,3,0.25,47,1,0.998944,0.0001273176451799544,7.092144,7.435187224012888,38.06657334176263,250000
E8_launch_service,MSOG trios,3,0.25,47,2,0.991704,0.00035555883224453464,7.092144,7.435187224012888,38.06657334176263,250000
E8_launch_service,MSOG trios,3,0.25,47,3,0.968616,0.0006834646136274512,7.092144,7.435187224012888,38.06657334176263,250000
E8_launch_service,MSOG trios,3,0.25,48,1,0.99906,0.00012012842398433768,7.243196,7.619722184472735,38.74280070778773,250000
E8_launch_service,MSOG trios,3,0.25,48,2,0.992604,0.0003358710165837727,7.243196,7.619722184472735,38.74280070778773,250000
E8_launch_service,MSOG trios,3,0.25,48,3,0.971728,0.0006497356426481942,7.243196,7.619722184472735,38.74280070778773,250000
E8_launch_service,MSOG trios,3,0.25,49,1,0.999184,0.00011193190157574468,7.393636,7.743605673926699,39.72596151395246,250000
E8_launch_service,MSOG trios,3,0.25,49,2,0.99356,0.0003135638947215703,7.393636,7.743605673926699,39.72596151395246,250000
E8_launch_service,MSOG trios,3,0.25,49,3,0.97486,0.00061367697530424,7.393636,7.743605673926699,39.72596151395246,250000
E8_launch_service,MSOG trios,3,0.25,50,1,0.999276,0.00010543822315419009,7.543872,7.905242868587467,40.51532289996537,250000
E8_launch_service,MSOG trios,3,0.25,50,2,0.994392,0.0002927311105487587,7.543872,7.905242868587467,40.51532289996537,250000
E8_launch_service,MSOG trios,3,0.25,50,3,0.977424,0.0005823057311719284,7.543872,7.905242868587467,40.51532289996537,250000
E8_launch_service,PIAP sixes,6,0.415,1,1,0.150928,0.001403276444661629,0.150928,0.12814925141300565,1.0,250000
E8_launch_service,PIAP sixes,6,0.415,1,2,0.0,0.0,0.150928,0.12814925141300565,1.0,250000
E8_launch_service,PIAP sixes,6,0.415,1,3,0.0,0.0,0.150928,0.12814925141300565,1.0,250000
E8_launch_service,PIAP sixes,6,0.415,2,1,0.25194,0.0017017777689865852,0.301968,0.31084057033828133,1.6495702761304383,250000
E8_launch_service,PIAP sixes,6,0.415,2,2,0.050028,0.0008545707818740015,0.301968,0.31084057033828133,1.6495702761304383,250000
E8_launch_service,PIAP sixes,6,0.415,2,3,0.0,0.0,0.301968,0.31084057033828133,1.6495702761304383,250000
E8_launch_service,PIAP sixes,6,0.415,3,1,0.326048,0.0018375591197404817,0.453288,0.5495641873127493,2.100570576998854,250000
E8_launch_service,PIAP sixes,6,0.415,3,2,0.103608,0.0011946252727646064,0.453288,0.5495641873127493,2.100570576998854,250000
E8_launch_service,PIAP sixes,6,0.415,3,3,0.023632,0.000595446949366815,0.453288,0.5495641873127493,2.100570576998854,250000
E8_launch_service,PIAP sixes,6,0.415,4,1,0.38372,0.0019062608204362382,0.605132,0.8443826401065605,2.432960340182554,250000
E8_launch_service,PIAP sixes,6,0.415,4,2,0.153496,0.001413022592067564,0.605132,0.8443826401065605,2.432960340182554,250000
E8_launch_service,PIAP sixes,6,0.415,4,3,0.054528,0.0008900618513900832,0.605132,0.8443826401065605,2.432960340182554,250000
E8_launch_service,PIAP sixes,6,0.415,5,1,0.42908,0.0019401836102696673,0.755156,1.192708186496746,2.687600729084382,250000
E8_launch_service,PIAP sixes,6,0.415,5,2,0.197764,0.0015613877194442722,0.755156,1.192708186496746,2.687600729084382,250000
E8_launch_service,PIAP sixes,6,0.415,5,3,0.087176,0.0011058037566298977,0.755156,1.192708186496746,2.687600729084382,250000
E8_launch_service,PIAP sixes,6,0.415,6,1,0.467764,0.0019559222521479186,0.907636,1.5985112855491421,2.891446754770493,250000
E8_launch_service,PIAP sixes,6,0.415,6,2,0.237936,0.0016692134219053073,0.907636,1.5985112855491421,2.891446754770493,250000
E8_launch_service,PIAP sixes,6,0.415,6,3,0.11936,0.001270909646262298,0.907636,1.5985112855491421,2.891446754770493,250000
E8_launch_service,PIAP sixes,6,0.415,7,1,0.548244,0.0019508549297660269,1.058932,1.7287459343597376,3.6391626015862335,250000
E8_launch_service,PIAP sixes,6,0.415,7,2,0.2729,0.0017461635049948788,1.058932,1.7287459343597376,3.6391626015862335,250000
E8_launch_service,PIAP sixes,6,0.415,7,3,0.136648,0.0013464234178700153,1.058932,1.7287459343597376,3.6391626015862335,250000
E8_launch_service,PIAP sixes,6,0.415,8,1,0.600968,0.0019196214903658497,1.208976,1.9129846833627333,4.291816431013003,250000
E8_launch_service,PIAP sixes,6,0.415,8,2,0.32292,0.0018329622962862712,1.208976,1.9129846833627333,4.291816431013003,250000
E8_launch_service,PIAP sixes,6,0.415,8,3,0.16004,0.0014372411424300932,1.208976,1.9129846833627333,4.291816431013003,250000
E8_launch_service,PIAP sixes,6,0.415,9,1,0.640168,0.0018814077949351456,1.360684,2.151119656622627,4.832223176870255,250000
E8_launch_service,PIAP sixes,6,0.415,9,2,0.369108,0.0018916479159771541,1.360684,2.151119656622627,4.832223176870255,250000
E8_launch_service,PIAP sixes,6,0.415,9,3,0.194012,0.0015501176143211967,1.360684,2.151119656622627,4.832223176870255,250000
E8_launch_service,PIAP sixes,6,0.415,10,1,0.670996,0.0018418176127373029,1.51238,2.4471285241140963,5.245537413440086,250000
E8_launch_service,PIAP sixes,6,0.415,10,2,0.408392,0.0019268224559716733,1.51238,2.4471285241140963,5.245537413440086,250000
E8_launch_service,PIAP sixes,6,0.415,10,3,0.228936,0.001646980001389217,1.51238,2.4471285241140963,5.245537413440086,250000
E8_launch_service,PIAP sixes,6,0.415,11,1,0.695248,0.0018043850633101945,1.663496,2.798784253121012,5.549280827422053,250000
E8_launch_service,PIAP sixes,6,0.415,11,2,0.442464,0.0019469800212609132,1.663496,2.798784253121012,5.549280827422053,250000
E8_launch_service,PIAP sixes,6,0.415,11,3,0.262412,0.0017245859113081605,1.663496,2.798784253121012,5.549280827422053,250000
E8_launch_service,PIAP sixes,6,0.415,12,1,0.715712,0.0017682125983805562,1.814864,3.20404147766991,5.7691655130285815,250000
E8_launch_service,PIAP sixes,6,0.415,12,2,0.471964,0.0019569163865180202,1.814864,3.20404147766991,5.7691655130285815,250000
E8_launch_service,PIAP sixes,6,0.415,12,3,0.293288,0.0017846557142637116,1.814864,3.20404147766991,5.7691655130285815,250000
E8_launch_service,PIAP sixes,6,0.415,13,1,0.758876,0.001676840272635123,1.966936,3.332576102208409,6.5118809462980884,250000
E8_launch_service,PIAP sixes,6,0.415,13,2,0.50924,0.0019596652912289283,1.966936,3.332576102208409,6.5118809462980884,250000
E8_launch_service,PIAP sixes,6,0.415,13,3,0.320508,0.0018293536786847288,1.966936,3.332576102208409,6.5118809462980884,250000
E8_launch_service,PIAP sixes,6,0.415,14,1,0.787268,0.0016042194521569942,2.119332,3.521161958423834,7.15078730746023,250000
E8_launch_service,PIAP sixes,6,0.415,14,2,0.548256,0.0019508503691214273,2.119332,3.521161958423834,7.15078730746023,250000
E8_launch_service,PIAP sixes,6,0.415,14,3,0.351312,0.001871330479680048,2.119332,3.521161958423834,7.15078730746023,250000
E8_launch_service,PIAP sixes,6,0.415,15,1,0.808188,0.0015434058880407183,2.27038,3.7624417053668218,7.681469496104002,250000
E8_launch_service,PIAP sixes,6,0.415,15,2,0.581288,0.0019339242074835608,2.27038,3.7624417053668218,7.681469496104002,250000
E8_launch_service,PIAP sixes,6,0.415,15,3,0.384324,0.0019068254167731228,2.27038,3.7624417053668218,7.681469496104002,250000
E8_launch_service,PIAP sixes,6,0.415,16,1,0.824228,0.001492054188490305,2.421124,4.062562826875308,8.092466129004277,250000
E8_launch_service,PIAP sixes,6,0.415,16,2,0.608944,0.0019129086090093719,2.421124,4.062562826875308,8.092466129004277,250000
E8_launch_service,PIAP sixes,6,0.415,16,3,0.414968,0.0019314487182032056,2.421124,4.062562826875308,8.092466129004277,250000
E8_launch_service,PIAP sixes,6,0.415,17,1,0.837464,0.001446251839620315,2.572816,4.417211498989995,8.40315354340834,250000
E8_launch_service,PIAP sixes,6,0.415,17,2,0.63246,0.001889969973109033,2.572816,4.417211498989995,8.40315354340834,250000
E8_launch_service,PIAP sixes,6,0.415,17,3,0.44338,0.0019473926209010446,2.572816,4.417211498989995,8.40315354340834,250000
E8_launch_service,PIAP sixes,6,0.415,18,1,0.848344,0.0014060535519844503,2.7237,4.828889625558503,8.616490497997242,250000
E8_launch_service,PIAP sixes,6,0.415,18,2,0.652476,0.0018666407349023952,2.7237,4.828889625558503,8.616490497997242,250000
E8_launch_service,PIAP sixes,6,0.415,18,3,0.468716,0.0019561597784016624,2.7237,4.828889625558503,8.616490497997242,250000
E8_launch_service,PIAP sixes,6,0.415,19,1,0.871524,0.00131170672755161,2.874468,4.954569535254143,9.355475638468908,250000
E8_launch_service,PIAP sixes,6,0.415,19,2,0.682104,0.0018253825598374212,2.874468,4.954569535254143,9.355475638468908,250000
E8_launch_service,PIAP sixes,6,0.415,19,3,0.495732,0.001959928592669153,2.874468,4.954569535254143,9.355475638468908,250000
E8_launch_service,PIAP sixes,6,0.415,20,1,0.88622,0.001244771984136147,3.024276,5.141803243036971,9.984682653405345,250000
E8_launch_service,PIAP sixes,6,0.415,20,2,0.70924,0.0017801229843039945,3.024276,5.141803243036971,9.984682653405345,250000
E8_launch_service,PIAP sixes,6,0.415,20,3,0.523948,0.001957750562912358,3.024276,5.141803243036971,9.984682653405345,250000
E8_launch_service,PIAP sixes,6,0.415,21,1,0.897188,0.0011905556459188115,3.175184,5.380572088432355,10.518784517667015,250000
E8_launch_service,PIAP sixes,6,0.415,21,2,0.732312,0.0017355958134248764,3.175184,5.380572088432355,10.518784517667015,250000
E8_launch_service,PIAP sixes,6,0.415,21,3,0.551576,0.0019495445849388707,3.175184,5.380572088432355,10.518784517667015,250000
E8_launch_service,PIAP sixes,6,0.415,22,1,0.905784,0.0011451456310417644,3.325612,5.671099509854038,10.950923301364094,250000
E8_launch_service,PIAP sixes,6,0.415,22,2,0.750952,0.0016952497358708582,3.325612,5.671099509854038,10.950923301364094,250000
E8_launch_service,PIAP sixes,6,0.415,22,3,0.576796,0.0019367433298540873,3.325612,5.671099509854038,10.950923301364094,250000
E8_launch_service,PIAP sixes,6,0.415,23,1,0.913084,0.0011043107477866371,3.4763,6.016838377353508,11.280052428890068,250000
E8_launch_service,PIAP sixes,6,0.415,23,2,0.766576,0.001658198162679139,3.4763,6.016838377353508,11.280052428890068,250000
E8_launch_service,PIAP sixes,6,0.415,23,3,0.599008,0.0019211896242273823,3.4763,6.016838377353508,11.280052428890068,250000
E8_launch_service,PIAP sixes,6,0.415,24,1,0.919024,0.0010693691559569849,3.627108,6.416333221668883,11.516656221309482,250000
E8_launch_service,PIAP sixes,6,0.415,24,2,0.780224,0.0016232516464675197,3.627108,6.416333221668883,11.516656221309482,250000
E8_launch_service,PIAP sixes,6,0.415,24,3,0.61874,0.0019039291593080244,3.627108,6.416333221668883,11.516656221309482,250000
E8_launch_service,PIAP sixes,6,0.415,25,1,0.931304,0.000991510975789768,3.777988,6.546220856739426,12.247760214327414,250000
E8_launch_service,PIAP sixes,6,0.415,25,2,0.80142,0.001563809720647317,3.777988,6.546220856739426,12.247760214327414,250000
E8_launch_service,PIAP sixes,6,0.415,25,3,0.642688,0.001878494654018999,3.777988,6.546220856739426,12.247760214327414,250000
E8_launch_service,PIAP sixes,6,0.415,26,1,0.939308,0.0009359567962936269,3.928752,6.7318226497866025,12.880985217305588,250000
E8_launch_service,PIAP sixes,6,0.415,26,2,0.819656,0.0015071369838955213,3.928752,6.7318226497866025,12.880985217305588,250000
E8_launch_service,PIAP sixes,6,0.415,26,3,0.665676,0.0018492741282492419,3.928752,6.7318226497866025,12.880985217305588,250000
E8_launch_service,PIAP sixes,6,0.415,27,1,0.945404,0.0008905846333581426,4.079972,6.969356356641429,13.417757880412534,250000
E8_launch_service,PIAP sixes,6,0.415,27,2,0.83428,0.0014575700825065804,4.079972,6.969356356641429,13.417757880412534,250000
E8_launch_service,PIAP sixes,6,0.415,27,3,0.687356,0.001817196870722138,4.079972,6.969356356641429,13.417757880412534,250000
E8_launch_service,PIAP sixes,6,0.415,28,1,0.950076,0.0008537287915278911,4.231264,7.258337995655979,13.856047564288271,250000
E8_launch_service,PIAP sixes,6,0.415,28,2,0.846212,0.0014141220083949328,4.231264,7.258337995655979,13.856047564288271,250000
E8_launch_service,PIAP sixes,6,0.415,28,3,0.70642,0.0017851749878124105,4.231264,7.258337995655979,13.856047564288271,250000
E8_launch_service,PIAP sixes,6,0.415,29,1,0.953536,0.0008251120154211457,4.381684,7.603951739950958,14.186013882706138,250000
E8_launch_service,PIAP sixes,6,0.415,29,2,0.856324,0.0013749827171326897,4.381684,7.603951739950958,14.186013882706138,250000
E8_launch_service,PIAP sixes,6,0.415,29,3,0.722808,0.0017546394454410943,4.381684,7.603951739950958,14.186013882706138,250000
E8_launch_service,PIAP sixes,6,0.415,30,1,0.956828,0.0007967170092395557,4.532712,8.003353938471752,14.42345104111407,250000
E8_launch_service,PIAP sixes,6,0.415,30,2,0.864636,0.0013410788507099297,4.532712,8.003353938471752,14.42345104111407,250000
E8_launch_service,PIAP sixes,6,0.415,30,3,0.73714,0.0017255331532354166,4.532712,8.003353938471752,14.42345104111407,250000
E8_launch_service,PIAP sixes,6,0.415,31,1,0.963284,0.0007372094964594807,4.68424,8.133376155904624,15.156000241556939,250000
E8_launch_service,PIAP sixes,6,0.415,31,2,0.87832,0.0012815101596915413,4.68424,8.133376155904624,15.156000241556939,250000
E8_launch_service,PIAP sixes,6,0.415,31,3,0.756376,0.001682732070403079,4.68424,8.133376155904624,15.156000241556939,250000
E8_launch_service,PIAP sixes,6,0.415,32,1,0.967704,0.0006929975565439588,4.83518,8.311175612302447,15.803652231919205,250000
E8_launch_service,PIAP sixes,6,0.415,32,2,0.889884,0.0012270944157242837,4.83518,8.311175612302447,15.803652231919205,250000
E8_launch_service,PIAP sixes,6,0.415,32,3,0.773656,0.0016403801650832315,4.83518,8.311175612302447,15.803652231919205,250000
E8_launch_service,PIAP sixes,6,0.415,33,1,0.970932,0.0006585489326270038,4.986816,8.547388371697485,16.34379236423205,250000
E8_launch_service,PIAP sixes,6,0.415,33,2,0.899404,0.0011791086638341937,4.986816,8.547388371697485,16.34379236423205,250000
E8_launch_service,PIAP sixes,6,0.415,33,3,0.789008,0.001599409844406039,4.986816,8.547388371697485,16.34379236423205,250000
E8_launch_service,PIAP sixes,6,0.415,34,1,0.97338,0.0006310028225133701,5.138276,8.838503101836405,16.778821783389628,250000
E8_launch_service,PIAP sixes,6,0.415,34,2,0.906704,0.0011401194244196956,5.138276,8.838503101836405,16.778821783389628,250000
E8_launch_service,PIAP sixes,6,0.415,34,3,0.802584,0.0015603516690562683,5.138276,8.838503101836405,16.778821783389628,250000
E8_launch_service,PIAP sixes,6,0.415,35,1,0.975356,0.0006077475923802,5.29036,9.189983830335324,17.10284264677912,250000
E8_launch_service,PIAP sixes,6,0.415,35,2,0.913148,0.001103942783910097,5.29036,9.189983830335324,17.10284264677912,250000
E8_launch_service,PIAP sixes,6,0.415,35,3,0.813892,0.001525639687829309,5.29036,9.189983830335324,17.10284264677912,250000
E8_launch_service,PIAP sixes,6,0.415,36,1,0.976964,0.0005880698071885214,5.441416,9.594894294521175,17.330273968534367,250000
E8_launch_service,PIAP sixes,6,0.415,36,2,0.918324,0.0010735722186826528,5.441416,9.594894294521175,17.330273968534367,250000
E8_launch_service,PIAP sixes,6,0.415,36,3,0.823864,0.00149326846865601,5.441416,9.594894294521175,17.330273968534367,250000
E8_launch_service,PIAP sixes,6,0.415,37,1,0.980432,0.0005429602368985844,5.593128,9.726366081080323,18.060480685568827,250000
E8_launch_service,PIAP sixes,6,0.415,37,2,0.926964,0.0010199666950870237,5.593128,9.726366081080323,18.060480685568827,250000
E8_launch_service,PIAP sixes,6,0.415,37,3,0.83812,0.0014438955137944852,5.593128,9.726366081080323,18.060480685568827,250000
E8_launch_service,PIAP sixes,6,0.415,38,1,0.98274,0.0005105353040244727,5.742904,9.908965282645127,18.69514576146806,250000
E8_launch_service,PIAP sixes,6,0.415,38,2,0.933916,0.000973841182191163,5.742904,9.908965282645127,18.69514576146806,250000
E8_launch_service,PIAP sixes,6,0.415,38,3,0.850528,0.0013976881965064823,5.742904,9.908965282645127,18.69514576146806,250000
E8_launch_service,PIAP sixes,6,0.415,39,1,0.984468,0.0004847307376224518,5.892216,10.14950320735682,19.220473498972844,250000
E8_launch_service,PIAP sixes,6,0.415,39,2,0.939272,0.0009362163994236923,5.892216,10.14950320735682,19.220473498972844,250000
E8_launch_service,PIAP sixes,6,0.415,39,3,0.860928,0.0013564048484424487,5.892216,10.14950320735682,19.220473498972844,250000
E8_launch_service,PIAP sixes,6,0.415,40,1,0.985768,0.0004643082415642509,6.042704,10.438066120648486,19.658233295572163,250000
E8_launch_service,PIAP sixes,6,0.415,40,2,0.943652,0.0009039226156375852,6.042704,10.438066120648486,19.658233295572163,250000
E8_launch_service,PIAP sixes,6,0.415,40,3,0.87,0.0013183094629107385,6.042704,10.438066120648486,19.658233295572163,250000
E8_launch_service,PIAP sixes,6,0.415,41,1,0.986864,0.0004463199401692312,6.193396,10.781997115172457,19.99361963108341,250000
E8_launch_service,PIAP sixes,6,0.415,41,2,0.947456,0.0008746356150321401,6.193396,10.781997115172457,19.99361963108341,250000
E8_launch_service,PIAP sixes,6,0.415,41,3,0.87762,0.0012846787703094656,6.193396,10.781997115172457,19.99361963108341,250000
E8_launch_service,PIAP sixes,6,0.415,42,1,0.987692,0.0004322057883150458,6.344044,11.189082482393927,20.216406260952326,250000
E8_launch_service,PIAP sixes,6,0.415,42,2,0.950696,0.0008486878361977257,6.344044,11.189082482393927,20.216406260952326,250000
E8_launch_service,PIAP sixes,6,0.415,42,3,0.884056,0.001255018404358984,6.344044,11.189082482393927,20.216406260952326,250000
E8_launch_service,PIAP sixes,6,0.415,43,1,0.98974,0.00039502111329821435,6.49548,11.313832824931309,20.95792685394949,250000
E8_launch_service,PIAP sixes,6,0.415,43,2,0.956372,0.0008007227090613219,6.49548,11.313832824931309,20.95792685394949,250000
E8_launch_service,PIAP sixes,6,0.415,43,3,0.894524,0.0012040898385911882,6.49548,11.313832824931309,20.95792685394949,250000
E8_launch_service,PIAP sixes,6,0.415,44,1,0.991036,0.00036947214876407823,6.647352,11.498237381045529,21.59429214081115,250000
E8_launch_service,PIAP sixes,6,0.415,44,2,0.960632,0.0007623181636790807,6.647352,11.498237381045529,21.59429214081115,250000
E8_launch_service,PIAP sixes,6,0.415,44,3,0.902932,0.0011605173298994578,6.647352,11.498237381045529,21.59429214081115,250000
E8_launch_service,PIAP sixes,6,0.415,45,1,0.99192,0.00035093773673265693,6.798796,11.738967906255615,22.124799398628223,250000
E8_launch_service,PIAP sixes,6,0.415,45,2,0.964216,0.0007281446727938357,6.798796,11.738967906255615,22.124799398628223,250000
E8_launch_service,PIAP sixes,6,0.415,45,3,0.910252,0.0011204159367289165,6.798796,11.738967906255615,22.124799398628223,250000
E8_launch_service,PIAP sixes,6,0.415,46,1,0.992656,0.0003346969749180441,6.950532,12.03102904109217,22.559558312879773,250000
E8_launch_service,PIAP sixes,6,0.415,46,2,0.967104,0.0006991883820306356,6.950532,12.03102904109217,22.559558312879773,250000
E8_launch_service,PIAP sixes,6,0.415,46,3,0.91636,0.0010852408700314231,6.950532,12.03102904109217,22.559558312879773,250000
E8_launch_service,PIAP sixes,6,0.415,47,1,0.993148,0.0003233714919333087,7.102564,12.373614120360482,22.90149030221087,250000
E8_launch_service,PIAP sixes,6,0.415,47,2,0.96952,0.0006738635019508323,7.102564,12.373614120360482,22.90149030221087,250000
E8_launch_service,PIAP sixes,6,0.415,47,3,0.921528,0.0010541385492652956,7.102564,12.373614120360482,22.90149030221087,250000
E8_launch_service,PIAP sixes,6,0.415,48,1,0.99366,0.0003111355240601115,7.2541,12.765248250993002,23.154658443554528,250000
E8_launch_service,PIAP sixes,6,0.415,48,2,0.971412,0.0006532504021737741,7.2541,12.765248250993002,23.154658443554528,250000
E8_launch_service,PIAP sixes,6,0.415,48,3,0.926116,0.0010254015285657229,7.2541,12.765248250993002,23.154658443554528,250000
E8_launch_service,PIAP sixes,6,0.415,49,1,0.9946,0.0002872811789449483,7.404652,12.888032311025245,23.898079337063148,250000
E8_launch_service,PIAP sixes,6,0.415,49,2,0.97468,0.0006158131308121321,7.404652,12.888032311025245,23.898079337063148,250000
E8_launch_service,PIAP sixes,6,0.415,49,3,0.932948,0.0009804391712768593,7.404652,12.888032311025245,23.898079337063148,250000
E8_launch_service,PIAP sixes,6,0.415,50,1,0.995252,0.0002694684669866477,7.555416,13.069277344053372,24.537443424576857,250000
E8_launch_service,PIAP sixes,6,0.415,50,2,0.97716,0.0005856214252605172,7.555416,13.069277344053372,24.537443424576857,250000
E8_launch_service,PIAP sixes,6,0.415,50,3,0.938764,0.0009398697839404057,7.555416,13.069277344053372,24.537443424576857,250000
