experiment,policy,rho,common_shock_probability,acceleration_years,loe_year,n_runs,eNPV_usd_m,se_eNPV_usd_m,median_NPV_usd_m,sd_NPV_usd_m,P5_NPV_usd_m,P10_NPV_usd_m,CVaR5_NPV_usd_m,probability_NPV_negative,eDevCost_usd_m,ePI,mean_launches,sd_launches,p_zero_launches,mean_pairwise_launch_correlation,effective_breadth_variance_ratio,mean_protected_runway_per_launch_years,mean_launches_before_loe,probability_at_least_one_launch_before_loe,mean_peak_annual_RnD_usd_m,mean_first_launch_year,probability_two_launches_by_year_9,low_capacity_breach_probability,low_mean_funding_need_usd_m,low_P95_funding_need_usd_m,base_capacity_breach_probability,base_mean_funding_need_usd_m,base_P95_funding_need_usd_m,high_capacity_breach_probability,high_mean_funding_need_usd_m,high_P95_funding_need_usd_m
E5,parallel,0.415,0.0,0.0,12.0,100000,-473.35332655325726,1.751118205690658,-559.4006505566923,553.7521982169706,-1429.7883144701884,-1148.2457813904614,-1662.071379150328,0.84748,1100.0424661470208,-0.43030459379555763,0.90471,1.1979082459611243,0.51073,0.17354488257617526,3.212425262692548,6.0,0.90471,0.48927,366.8536666666667,6.0,0.24108,0.96981,4495.4369125,6148.75,0.9054,3527.38105,5148.75,0.09919,1711.0309125,3148.75
E5,parallel,0.415,0.0,0.0,15.0,100000,81.20520559931997,3.853637670926952,-559.4006505566923,1218.6272317155606,-1178.5694457769846,-884.1468803601001,-1597.0797764627155,0.57598,1100.0424661470208,0.0738200643141961,0.90471,1.1979082459611243,0.51073,0.17354488257617526,3.212425262692548,9.0,0.90471,0.48927,366.8536666666667,6.0,0.24108,0.75892,3418.72975,6148.75,0.63979,2659.62975,5148.75,0.0955,1335.884375,3148.75
E5,parallel,0.415,0.0,0.0,18.0,100000,497.8532387718046,5.549630058102738,-559.4006505566923,1754.9471154937237,-1178.5694457769846,-884.1468803601001,-1597.3014868405496,0.54162,1100.0424661470208,0.4525763814515016,0.90471,1.1979082459611243,0.51073,0.17354488257617526,3.212425262692548,12.0,0.90471,0.48927,366.8536666666667,6.0,0.24108,0.54818,2918.3472625,6148.75,0.51073,2353.9920375,5148.75,0.0955,1327.0570875,3148.75
E5,staged,0.415,0.0,0.0,12.0,100000,-751.7082553172016,1.2040969275741624,-559.4006505566923,380.7688814745157,-1459.8971212476597,-1331.4634045150904,-1579.5758421904645,1.0,984.1375770192469,-0.763824360404948,0.90471,1.1979082459611243,0.51073,0.17354488257617526,3.212425262692548,3.450398470228029,0.79702,0.4502,319.1073333333334,7.158848897336849,0.0,1.0,5511.492343333333,7298.749999999997,1.0,4511.492343333333,6298.749999999997,0.25896,2511.4923433333333,4298.749999999997
E5,staged,0.415,0.0,0.0,15.0,100000,-359.3771857904018,1.992939289029905,-559.4006505566923,630.2227391771122,-1330.1602382052963,-1097.809864961862,-1440.468501823537,0.65268,984.1375770192469,-0.3651696614195776,0.90471,1.1979082459611243,0.51073,0.17354488257617526,3.212425262692548,6.288070210343646,0.87928,0.47707,319.1073333333334,7.158848897336849,0.0,0.96199,4127.196093333333,6826.749999999998,0.70361,3175.6917058333333,5826.749999999998,0.14439,1673.575618333333,3826.749999999998
E5,staged,0.415,0.0,0.0,18.0,100000,31.866130277568363,3.378451467717519,-559.4006505566923,1068.3601602326185,-1241.2211096880792,-1075.027247090695,-1346.3984969666717,0.63107,984.1375770192469,0.03237975159335386,0.90471,1.1979082459611243,0.51073,0.17354488257617526,3.212425262692548,9.250234881895857,0.89796,0.48575,319.1073333333334,7.158848897336849,0.0,0.64443,3296.1014658333334,6498.749999999998,0.60953,2646.375940833333,5498.749999999998,0.11229,1444.034378333333,3498.749999999998
E5,parallel,0.415,0.0,0.5,12.0,100000,-369.2275665675273,2.143749172043464,-559.4006505566923,677.9130115757507,-1396.2861491852223,-1155.0320722624815,-1670.9283106658554,0.79916,1111.0799264756552,-0.3323141366964633,0.90471,1.1979082459611243,0.51073,0.17354488257617526,3.212425262692548,6.417001027953709,0.90471,0.48927,395.0034666666667,5.541776524209537,0.24108,0.93944,4276.3077375,6148.75,0.89014,3336.1603125,5148.75,0.09612,1614.2537125,3148.75
E5,parallel,0.415,0.0,0.5,15.0,100000,185.33096558504994,4.300876266866622,-559.4006505566923,1360.0564937860695,-1193.6220906520296,-892.4132343631248,-1632.3604524740701,0.57598,1111.0799264756552,0.16680255053560336,0.90471,1.1979082459611243,0.51073,0.17354488257617526,3.212425262692548,9.41700102795371,0.90471,0.48927,395.0034666666667,5.541776524209537,0.24108,0.75892,3345.99125,6148.75,0.58649,2587.07125,5148.75,0.0955,1331.1129125,3148.75
E5,parallel,0.415,0.0,0.5,18.0,100000,601.9789987575347,6.003042349948748,-559.4006505566923,1898.3286716287619,-1193.6220906520296,-892.4132343631248,-1632.3604524740701,0.52631,1111.0799264756552,0.5417963050300185,0.90471,1.1979082459611243,0.51073,0.17354488257617526,3.212425262692548,12.41700102795371,0.90471,0.48927,395.0034666666667,5.541776524209537,0.24108,0.5427,2893.7018875,6148.75,0.51073,2350.62515,5148.75,0.0955,1327.0570875,3148.75
E5,staged,0.415,0.0,0.5,12.0,100000,-704.9355762735886,1.3049075656001607,-559.4006505566923,412.64800432820925,-1488.5030437338942,-1309.9215297891835,-1618.240577883331,1.0,998.8180511238472,-0.7057697600483003,0.90471,1.1979082459611243,0.51073,0.17354488257617526,3.212425262692548,3.933564346586199,0.83185,0.47308,331.1092,6.703711652053059,0.08407,1.0,5352.06934,7244.75,1.0,4352.06934,6244.75,0.2161,2352.06934,4244.75
E5,staged,0.415,0.0,0.5,15.0,100000,-269.93239223472307,2.311249083219208,-559.4006505566923,730.881134294875,-1284.984753055029,-1097.9577514909874,-1442.0599509819233,0.6499,998.8180511238472,-0.2702518160649993,0.90471,1.1979082459611243,0.51073,0.17354488257617526,3.212425262692548,6.858158968067116,0.89569,0.48523,331.1092,6.703711652053059,0.08407,0.87506,3895.63348,6536.75,0.6708,3021.0217175,5536.75,0.13172,1601.204105,3536.75
E5,staged,0.415,0.0,0.5,18.0,100000,131.24089726798303,3.7429244763203076,-559.4006505566923,1183.616645516514,-1258.4491370361577,-1080.1258878660672,-1379.5625372478376,0.58981,998.8180511238472,0.13139620085992015,0.90471,1.1979082459611243,0.51073,0.17354488257617526,3.212425262692548,9.843270219186259,0.90283,0.4884,331.1092,6.703711652053059,0.08407,0.62115,3189.2824275,6498.75,0.56899,2563.4660275,5498.75,0.10719,1409.8389025,3498.75
E5,parallel,0.415,0.0,1.0,12.0,100000,-259.8510132054697,2.586304134166731,-559.4006505566923,817.8611785876577,-1422.8239034190715,-1162.0329407982006,-1684.6135974721692,0.68195,1122.4875775630715,-0.23149566943948557,0.90471,1.1979082459611243,0.51073,0.17354488257617526,3.212425262692548,6.834002055907418,0.90471,0.48927,444.8473333333334,5.083553048419073,0.24108,0.90143,4082.8445625,6148.75,0.82641,3178.3968375,5148.75,0.09612,1534.5753,3148.75
E5,parallel,0.415,0.0,1.0,15.0,100000,294.7075189471076,4.776370679540135,-559.4006505566923,1510.4210296593033,-1209.1761310311156,-900.9664062064918,-1653.5654042872716,0.54738,1122.4875775630715,0.26254857945681653,0.90471,1.1979082459611243,0.51073,0.17354488257617526,3.212425262692548,9.834002055907417,0.90471,0.48927,444.8473333333334,5.083553048419073,0.24108,0.75892,3273.43275,6148.75,0.56337,2514.51275,5148.75,0.0955,1329.10145,3148.75
E5,parallel,0.415,0.0,1.0,18.0,100000,711.3555521195922,6.482497514628985,-559.4006505566923,2049.9457072608284,-1209.1761310311156,-900.9664062064918,-1653.6494248571003,0.52631,1122.4875775630715,0.6337313359529111,0.90471,1.1979082459611243,0.51073,0.17354488257617526,3.212425262692548,12.834002055907417,0.90471,0.48927,444.8473333333334,5.083553048419073,0.24108,0.52739,2880.1071375,6148.75,0.51073,2349.5073625,5148.75,0.0955,1327.0570875,3148.75
E5,staged,0.415,0.0,1.0,12.0,100000,-645.2178971829663,1.4675510557603906,-559.4006505566923,464.08039187876034,-1501.6944295283997,-1276.7597341339224,-1654.860539343491,0.86201,1014.5300040458189,-0.63597714666882,0.90471,1.1979082459611243,0.51073,0.17354488257617526,3.212425262692548,4.477213692785534,0.87336,0.47754,353.48,6.248574406769269,0.19337,1.0,5162.50461,7154.75,1.0,4162.50461,6154.75,0.18432,2162.50461,4154.75
E5,staged,0.415,0.0,1.0,15.0,100000,-168.93575136336497,2.684424948769942,-559.4006505566923,848.8897045893835,-1332.8405453576966,-1122.3291562281124,-1480.558333517847,0.64343,1014.5300040458189,-0.16651626929678798,0.90471,1.1979082459611243,0.51073,0.17354488257617526,3.212425262692548,7.4447834112588565,0.90035,0.4879,353.48,6.248574406769269,0.19337,0.85077,3717.0849725,6498.75,0.66108,2875.4745725,5498.75,0.11897,1516.365585,3498.75
E5,staged,0.415,0.0,1.0,18.0,100000,240.40436022800975,4.155881098121034,-559.4006505566923,1314.204995490418,-1276.7597341339224,-1085.3857440161191,-1415.9554819195546,0.56755,1014.5300040458189,0.23696131141445514,0.90471,1.1979082459611243,0.51073,0.17354488257617526,3.212425262692548,10.441279526035967,0.9044,0.48915,353.48,6.248574406769269,0.19337,0.60924,3102.7960525,6248.75,0.55526,2494.0637275,5248.75,0.10002,1374.6210525,3248.75
E5,parallel,0.415,0.0,1.5,12.0,100000,-144.96340543379992,3.0698398201187707,-559.4006505566923,970.7685883456905,-1292.6758217850233,-1169.2561083522546,-1698.5770846695395,0.66885,1134.2795121372026,-0.12780218974480176,0.90471,1.1979082459611243,0.51073,0.17354488257617526,3.212425262692548,7.251003083861127,0.90471,0.48927,528.552,4.62532957262861,0.24108,0.89181,3921.0328875,6148.75,0.78637,3043.07735,5148.75,0.09612,1463.707825,3148.75
E5,parallel,0.415,0.0,1.5,15.0,100000,409.5951267187773,5.280322980483305,-559.4006505566923,1669.784739965607,-1225.2505355833287,-909.8176432046507,-1675.281664278428,0.54738,1134.2795121372026,0.3611059904864372,0.90471,1.1979082459611243,0.51073,0.17354488257617526,3.212425262692548,10.251003083861127,0.90471,0.48927,528.552,4.62532957262861,0.24108,0.75892,3200.87425,6148.75,0.55789,2461.0257,5148.75,0.0955,1328.5429625,3148.75
E5,parallel,0.415,0.0,1.5,18.0,100000,826.243159891262,6.9888336228154975,-559.4006505566923,2210.0632436063092,-1225.2505355833287,-909.8176432046507,-1675.6231322608146,0.51921,1134.2795121372026,0.7284299425760232,0.90471,1.1979082459611243,0.51073,0.17354488257617526,3.212425262692548,13.251003083861127,0.90471,0.48927,528.552,4.62532957262861,0.24108,0.52008,2873.192275,6148.75,0.51073,2349.4348375,5148.75,0.0955,1327.0570875,3148.75
E5,staged,0.415,0.0,1.5,12.0,100000,-561.0868258880625,1.7040689296084959,-559.4006505566923,538.873910748799,-1474.2849226370358,-1273.6042814188352,-1647.2385469445321,0.80152,1031.4011324735372,-0.5440044694758549,0.90471,1.1979082459611243,0.51073,0.17354488257617526,3.212425262692548,5.050325518674493,0.89671,0.48572,390.76466666666664,5.793437161485478,0.20295,1.0,4912.80236,6898.750000000002,0.97678,3913.4029975,5898.750000000002,0.16294,1979.28801,3898.750000000002
E5,staged,0.415,0.0,1.5,15.0,100000,-54.353073720902245,3.116365216922181,-559.4006505566923,985.4812106398799,-1296.2312782078134,-1090.8126167088717,-1473.7176480686355,0.61818,1031.4011324735372,-0.05269828780442685,0.90471,1.1979082459611243,0.51073,0.17354488257617526,3.212425262692548,8.041527119187364,0.90413,0.48907,390.76466666666664,5.793437161485478,0.20295,0.82889,3542.7387975,6498.75,0.64721,2737.2606225,5498.75,0.10819,1447.5008225,3498.75
E5,staged,0.415,0.0,1.5,18.0,100000,359.86193982748233,4.6234174672480615,-559.4006505566923,1462.0529770310816,-1185.941191242482,-1090.8126167088717,-1443.2573716384604,0.55587,1031.4011324735372,0.348905899457809,0.90471,1.1979082459611243,0.51073,0.17354488257617526,3.212425262692548,11.041156834786838,0.90468,0.48926,390.76466666666664,5.793437161485478,0.20295,0.58083,3026.145565,6148.75,0.54002,2439.298265,5148.75,0.09699,1350.1093875,3148.75
E5,parallel,0.415,0.05,0.0,12.0,100000,-473.43609937412737,1.8037719923082627,-559.4006505566923,570.402787531383,-1442.6683468073456,-1148.2457813904614,-1679.6725005849491,0.84204,1100.0351884675679,-0.4303826862426643,0.90458,1.215183027489235,0.51917,0.18444273588566365,3.12136560099197,6.0,0.90458,0.48083,366.8536666666667,6.0,0.24253,0.96766,4497.4383125,6498.75,0.90185,3531.4358375,5498.75,0.10751,1721.6801,3498.75
E5,parallel,0.415,0.05,0.0,15.0,100000,81.04274690211389,3.9416797269693853,-559.4006505566923,1246.4685744133885,-1442.6683468073456,-1148.2457813904614,-1680.8441445241674,0.57746,1100.0351884675679,0.07367286769708936,0.90458,1.215183027489235,0.51917,0.18444273588566365,3.12136560099197,9.0,0.90458,0.48083,366.8536666666667,6.0,0.24253,0.75747,3448.6459125,6498.75,0.6378,2691.0041625,5498.75,0.10448,1367.1973625,3498.75
E5,parallel,0.415,0.05,0.0,18.0,100000,497.63091089628466,5.662667641580195,-559.4006505566923,1790.6927379927415,-1442.6683468073456,-1148.2457813904614,-1680.8441445241674,0.54595,1100.0351884675679,0.4523772658486699,0.90458,1.215183027489235,0.51917,0.18444273588566365,3.12136560099197,12.0,0.90458,0.48083,366.8536666666667,6.0,0.24253,0.55252,2969.79675,6498.75,0.51917,2402.6520875,5498.75,0.10448,1359.7545375,3498.75
E5,staged,0.415,0.05,0.0,12.0,100000,-751.8338982202846,1.2036022605433314,-559.4006505566923,380.6124540244339,-1459.8971212476597,-1331.4634045150904,-1573.4258186764478,1.0,984.0738592625013,-0.764001493529901,0.90458,1.215183027489235,0.51917,0.18444273588566365,3.12136560099197,3.4604125671582393,0.80333,0.44591,318.9363333333334,7.084291745523366,0.0,1.0,5511.9581033333325,7298.749999999997,1.0,4511.958103333333,6298.749999999997,0.26016,2511.958103333333,4298.749999999997
E5,staged,0.415,0.05,0.0,15.0,100000,-358.12980196980476,2.0113183847898464,-559.4006505566923,636.034719570688,-1330.1602382052963,-1107.524509777834,-1438.1676084608955,0.65092,984.0738592625013,-0.3639257344344047,0.90458,1.215183027489235,0.51917,0.18444273588566365,3.12136560099197,6.307700811426297,0.88174,0.47035,318.9363333333334,7.084291745523366,0.0,0.95963,4123.854538333333,6826.749999999998,0.69848,3175.185288333333,5826.749999999998,0.14907,1680.4838008333331,3826.749999999998
E5,staged,0.415,0.05,0.0,18.0,100000,34.60231294210816,3.429310609088401,-559.4006505566923,1084.443232889867,-1241.2211096880792,-1075.027247090695,-1346.2805886979875,0.63082,984.0738592625013,0.03516231288578311,0.90458,1.215183027489235,0.51917,0.18444273588566365,3.12136560099197,9.273231776072874,0.89854,0.47794,318.9363333333334,7.084291745523366,0.0,0.64332,3317.352000833333,6498.749999999998,0.61033,2669.322950833333,5498.749999999998,0.11933,1463.9253658333332,3498.749999999998
E5,parallel,0.415,0.05,0.5,12.0,100000,-369.3313966464479,2.204022358398848,-559.4006505566923,696.9730666476303,-1456.2409285513863,-1161.8183631345016,-1695.9109830391271,0.795,1111.0723379829449,-0.33240985669478273,0.90458,1.215183027489235,0.51917,0.18444273588566365,3.12136560099197,6.416983572486679,0.90458,0.48083,395.0034666666667,5.54075244889046,0.24253,0.93682,4281.1118875,6498.75,0.88686,3343.523025,5498.75,0.105,1629.2379875,3498.75
E5,parallel,0.415,0.05,0.5,15.0,100000,185.14744962979339,4.39563911243508,-559.4006505566923,1390.0231367415818,-1456.2409285513863,-1155.0320722624815,-1702.4996816683315,0.57746,1111.0723379829449,0.166638519653826,0.90458,1.215183027489235,0.51917,0.18444273588566365,3.12136560099197,9.416983572486679,0.90458,0.48083,395.0034666666667,5.54075244889046,0.24253,0.75747,3378.7856625,6498.75,0.58742,2621.3156625,5498.75,0.10448,1363.1331875,3498.75
E5,parallel,0.415,0.05,0.5,18.0,100000,601.735613623964,6.122825193913922,-559.4006505566923,1936.2073327830121,-1456.2409285513863,-1155.0320722624815,-1702.4996816683315,0.53233,1111.0723379829449,0.5415809511704365,0.90458,1.215183027489235,0.51917,0.18444273588566365,3.12136560099197,12.416983572486679,0.90458,0.48083,395.0034666666667,5.54075244889046,0.24253,0.54706,2947.407725,6498.75,0.51917,2399.8343625,5498.75,0.10448,1359.7545375,3498.75
E5,staged,0.415,0.05,0.5,12.0,100000,-704.8862140174363,1.3055129974435222,-559.4006505566923,412.8394586875109,-1488.5030437338942,-1309.9215297891835,-1613.9618176640884,1.0,998.7750956482703,-0.7057506911102134,0.90458,1.215183027489235,0.51917,0.18444273588566365,3.12136560099197,3.9444217205775054,0.83558,0.46638,330.787,6.640236674084396,0.08568,1.0,5351.87284,7238.75,1.0,4351.87284,6238.75,0.21932,2351.87284,4238.75
E5,staged,0.415,0.05,0.5,15.0,100000,-268.4767199786051,2.3383868569027864,-559.4006505566923,739.4628518415035,-1284.984753055029,-1097.9577514909874,-1439.054141070468,0.64821,998.7750956482703,-0.26880598159523206,0.90458,1.215183027489235,0.51917,0.18444273588566365,3.12136560099197,6.874643480952487,0.89628,0.47744,330.787,6.640236674084396,0.08568,0.87025,3895.6703775,6548.75,0.66749,3025.614515,5548.75,0.13716,1612.1052525,3548.75
E5,staged,0.415,0.05,0.5,18.0,100000,133.61458020409816,3.8025746507231233,-559.4006505566923,1202.4796869104312,-1258.4491370361577,-1097.9577514909874,-1381.372424726468,0.59199,998.7750956482703,0.13377844600477706,0.90458,1.215183027489235,0.51917,0.18444273588566365,3.12136560099197,9.860891242344513,0.9028,0.48002,330.787,6.640236674084396,0.08568,0.62078,3217.098115,6498.75,0.57253,2592.10379,5498.75,0.11468,1433.0977275,3498.75
E5,parallel,0.415,0.05,1.0,12.0,100000,-259.9769283229519,2.65375637577619,-559.4006505566923,839.1914502646449,-1470.2426656228245,-1162.0329407982006,-1723.1972498822174,0.67821,1122.4796630866665,-0.23160947754550018,0.90458,1.215183027489235,0.51917,0.18444273588566365,3.12136560099197,6.833967144973358,0.90458,0.48083,444.8473333333334,5.0815048977809205,0.24253,0.89814,4090.813425,6498.75,0.82258,3189.6826,5498.75,0.105,1553.0493875,3498.75
E5,parallel,0.415,0.05,1.0,15.0,100000,294.5019179532895,4.878033054391931,-559.4006505566923,1542.569495346653,-1470.2426656228245,-1162.0329407982006,-1724.8444908079546,0.55114,1122.4796630866665,0.2623672638695736,0.90458,1.215183027489235,0.51917,0.18444273588566365,3.12136560099197,9.833967144973357,0.90458,0.48083,444.8473333333334,5.0815048977809205,0.24253,0.75747,3309.0971625,6498.75,0.56656,2551.6271625,5498.75,0.10448,1361.4542875,3498.75
E5,parallel,0.415,0.05,1.0,18.0,100000,711.0900819474601,6.609251259576279,-559.4006505566923,2090.028760859779,-1470.2426656228245,-1162.0329407982006,-1724.8444908079546,0.53233,1122.4796630866665,0.6334993009958497,0.90458,1.215183027489235,0.51917,0.18444273588566365,3.12136560099197,12.833967144973357,0.90458,0.48083,444.8473333333334,5.0815048977809205,0.24253,0.53344,2935.336125,6498.75,0.51917,2398.91195,5498.75,0.10448,1359.7545375,3498.75
E5,staged,0.415,0.05,1.0,12.0,100000,-645.126758825009,1.4717265875209113,-559.4006505566923,465.40081095932214,-1503.257561073122,-1284.7270038895635,-1650.2015638394466,0.86037,1014.5172861773133,-0.6358952849939477,0.90458,1.215183027489235,0.51917,0.18444273588566365,3.12136560099197,4.486369364788079,0.87508,0.47055,352.847,6.196181602645425,0.19668,1.0,5162.07198,7154.75,1.0,4162.07198,6154.75,0.18706,2162.07198,4154.75
E5,staged,0.415,0.05,1.0,15.0,100000,-167.62668762698976,2.7216246995264433,-559.4006505566923,860.653298667495,-1332.8405453576966,-1122.3291562281124,-1481.448860480181,0.64231,1014.5172861773133,-0.1652280251020707,0.90458,1.215183027489235,0.51917,0.18444273588566365,3.12136560099197,7.456454929359482,0.90048,0.47962,352.847,6.196181602645425,0.19668,0.84659,3723.4147975,6498.75,0.65867,2886.30996,5498.75,0.12546,1532.4183225,3498.75
E5,staged,0.415,0.05,1.0,18.0,100000,242.11995558123832,4.224859005598866,-559.4006505566923,1336.0177250766487,-1276.7597341339224,-1085.3857440161191,-1420.9352195896322,0.57067,1014.5172861773133,0.23865532788853985,0.90458,1.215183027489235,0.51917,0.18444273588566365,3.12136560099197,10.453171637666099,0.90431,0.48072,352.847,6.196181602645425,0.19668,0.60943,3137.348325,6498.75,0.55938,2528.4686125,5498.75,0.10834,1401.475175,3498.75
E5,parallel,0.415,0.05,1.5,12.0,100000,-145.11248353513764,3.144421418218179,-559.4006505566923,994.3533604986321,-1484.6890007309323,-1169.2561083522546,-1746.9277896742142,0.66622,1134.2712557662144,-0.1279345507500429,0.90458,1.215183027489235,0.51917,0.18444273588566365,3.12136560099197,7.250950717460037,0.90458,0.48083,528.552,4.622257346671381,0.24253,0.8884,3932.87,6498.75,0.78309,3058.675225,5498.75,0.105,1485.20985,3498.75
E5,parallel,0.415,0.05,1.5,15.0,100000,409.36636274110367,5.3891109835154785,-559.4006505566923,1704.1865271339043,-1484.6890007309323,-1169.2561083522546,-1747.903539985629,0.55114,1134.2712557662144,0.36090693532083873,0.90458,1.215183027489235,0.51917,0.18444273588566365,3.12136560099197,10.250950717460036,0.90458,0.48083,528.552,4.622257346671381,0.24253,0.75747,3239.4086625,6498.75,0.5611,2501.0866125,5498.75,0.10448,1360.9912,3498.75
E5,parallel,0.415,0.05,1.5,18.0,100000,825.9545267352744,7.122810695470049,-559.4006505566923,2252.4305139893336,-1484.6890007309323,-1169.2561083522546,-1747.903539985629,0.52641,1134.2712557662144,0.7281807791006145,0.90458,1.215183027489235,0.51917,0.18444273588566365,3.12136560099197,13.250950717460036,0.90458,0.48083,528.552,4.622257346671381,0.24253,0.52728,2929.36515,6498.75,0.51917,2398.8453,5498.75,0.10448,1359.7545375,3498.75
E5,staged,0.415,0.05,1.5,12.0,100000,-561.1639911349706,1.7154859050441909,-559.4006505566923,542.4842753854979,-1474.2849226370358,-1273.6042814188352,-1641.7668060457058,0.80044,1031.427671381007,-0.5440652861131917,0.90458,1.215183027489235,0.51917,0.18444273588566365,3.12136560099197,5.055943089610648,0.89714,0.47783,389.6136666666667,5.752126531206455,0.20604,1.0,4912.69132,6898.750000000002,0.97588,3913.3270825,5898.750000000002,0.16664,1981.1788825,3898.750000000002
E5,staged,0.415,0.05,1.5,15.0,100000,-53.67954520454789,3.1647418554036064,-559.4006505566923,1000.7792469542653,-1296.2312782078134,-1148.2457813904614,-1476.8268913663924,0.61825,1031.427671381007,-0.052043925806910786,0.90458,1.215183027489235,0.51917,0.18444273588566365,3.12136560099197,8.047497181012183,0.90405,0.48063,389.6136666666667,5.752126531206455,0.20604,0.82406,3556.8030025,6498.75,0.6453,2755.845765,5498.75,0.11575,1468.429965,3498.75
E5,staged,0.415,0.05,1.5,18.0,100000,360.60961893147265,4.701888987925615,-559.4006505566923,1486.8678507108887,-1296.2312782078134,-1090.8126167088717,-1466.2746631352295,0.55987,1031.427671381007,0.34962181928728214,0.90458,1.215183027489235,0.51917,0.18444273588566365,3.12136560099197,11.047143425678215,0.90454,0.48081,389.6136666666667,5.752126531206455,0.20604,0.5833,3067.0898375,6498.75,0.54506,2478.4714,5498.75,0.10582,1379.7218225,3498.75
